cuce,entidad,tipo_de_contratacion,modalidad,objeto_de_contratacion,subasta,fecha_publicacion,fecha_presentacion,estado,persona_contacto,fecha_adjudicacion_desierta,departamento,normativa
26-0016-03-1677574-1-1,Escuela Superior De Formacion De Maestros Simon Bolivar,Bienes,CM,Adquisición De Material De Escritorio Y Papel Para La Esfm  Simón Bolívar,False,2026-08-01,2026-08-10,Vigente,Lucy Monasterios Quispe (Telf: 2730304),,La Paz,NB-SABS (D.S.0181)
26-0041-25-1678896-1-1,"Unidad Coordinadora Y Ejecutora De Programas Y Proyectos Del Ministerio De Desarrollo Productivo, Rural Y Agua, (Ucep - Mdprya)",Consultoria,ANPE,Fortalecimiento Institucional En Post Inversion Lote 7 Miagua V Departamento De Tarija,False,2026-08-01,2026-08-12,Vigente,Luis Alberto Rojas Arce (Telf: 2149951 - 21499861 - 2149964),,La Paz,NB-SABS (D.S.0181)
26-0041-25-1678897-1-1,"Unidad Coordinadora Y Ejecutora De Programas Y Proyectos Del Ministerio De Desarrollo Productivo, Rural Y Agua, (Ucep - Mdprya)",Consultoria,ANPE,Fortalecimiento Institucional En Post Inversión Lote 9 Miagua V Departamento De Tarija,False,2026-08-01,2026-08-13,Vigente,Luis Alberto Rojas Arce (Telf: 2149951 - 21499861 - 2149964),,La Paz,NB-SABS (D.S.0181)
26-0905-01-1678156-1-1,Servicio Departamental De Gestion Social - Potosi,Bienes,ANPE,Contratacion De Proveedor(A) De Alimentos Frescos (Carnes Rojas - Blancas Y Otros) - Para El Centro De Acogida A.  Juarez  Oporto De La Sub Regional De Uyuni - Gestion 2026,True,2026-08-01,2026-08-11,Vigente,Jhanneth Villca Ojeda (Telf: 6222962 - 63018793),,Potosi,NB-SABS (D.S.0181)
26-0905-01-1678359-1-1,Servicio Departamental De Gestion Social - Potosi,Bienes,ANPP,Contratacion De Proveedor/A De  Alimentos Frescos  (Carnes) Para Centros De  Acogida De La  Ciudad - Gestion  2026,True,2026-08-01,2026-08-17,Vigente,Jhanneth Villca Ojeda (Telf: 6222962 - 63018793),,Potosi,NB-SABS (D.S.0181)
26-1308-00-1678888-1-1,Gobierno Autonomo Municipal De Pasorapa,Servicios Generales,LP,Contratación De Seguros Para Vehículos Automotores Y Maquinaria Pesada Del Gobierno Autónomo Municipal De Pasorapa Gestión 2026-2027,True,2026-08-01,2026-08-27,Vigente,Armando Carlos Triveño Lizarazu (Telf: 67406896),,Cochabamba,NB-SABS (D.S.0181)
26-1519-00-1678893-1-1,Gobierno Autonomo Municipal De Tupiza,Bienes,CND1,"3er Requerimiento De ""Vivere"" Alimentacion Hospitalaria Hospital Municipal Eduardo Eguia Safci - Da3 - Gamt",False,2026-08-01,2026-08-05,Vigente,Ramiro Reynaldo Teran Aguilar (Telf: 26943926 / 26942304),,Potosi,Compro Hecho en Bolivia (D.S.4505)
26-2335-00-1678892-1-1,Entidad Municipal De Aseo Potosi,Bienes,LP,Adquisicion De Un (1) Vehiculo Tipo Trailer Con Su Semi Remolque,True,2026-08-01,2026-08-26,Vigente,Balois Zambrana Alvarez (Telf: 2626243190),,Potosi,NB-SABS (D.S.0181)
26-1414-00-1678898-1-1,Gobierno Autonomo Municipal De Corque,Bienes,CNC,Adquisicion De Desayuno Y Almuerzo Escolar Municipio De Corque Segundo Semestre 2026 (Alimentos Secos),True,2026-08-02,2026-08-05,Vigente,Rocio Mendoza Ramos (Telf: 72477820),,Oruro,Compro Hecho en Bolivia (D.S.4505)
26-1510-00-1673382-2-1,Gobierno Autonomo Municipal De Tacobamba,Consultoria,ANPE,Delimitación Y Homologación Del Área Urbana E Implementación Integral De Catastro Municipio Tacobamba,False,2026-08-02,2026-08-11,Vigente,Christian Benavidez Mamani (Telf: 68421752 - 63723748),,Potosi,NB-SABS (D.S.0181)
24-0020-00-1678919-0-E,Ministerio De Defensa ,Bienes,OF,"Pertrechos De Dotación Individual Para Oficiales Generales, Almirantes Y Egresados De Los  Ii.Mm. De Las Ff.Aa. Gestión 2024",False,2026-08-03,,Contratado,Jenny Luz Huanca Villegas (Telf: 2610400 - 2432525),,La Paz,D.S. 26688
24-1214-00-1435935-0-E,Gobierno Autonomo Municipal De Calamarca,Consultoria,CD,Construccion Centro De Salud Integral Calamarca (Supervision Tecnica),False,2026-08-03,,Contratado,Fabiola Quispe Apaza (Telf: 68186545 - 77210241),,La Paz,NB-SABS (D.S.0181)
26-0015-03-1679054-1-1,Direccion Nacional De Fiscalizacion Y  Recaudaciones De La Policia Nacional,Servicios Generales,ANPE,Mantenimiento Y Refacción De Oficinas De La D.D.F.R. Cochabamba,True,2026-08-03,2026-08-14,Vigente,Felipe Loza Mullisaca (Telf: 2310287),,La Paz,NB-SABS (D.S.0181)
26-0016-08-1677494-1-2,Universidad Pedagogica Nacional Mariscal Sucre,Servicios Generales,ANPE,Servicio De Seguro Multirriesgo Contra Todo Riesgo De Daños A La Propiedad De La Universidad Pedagógica.,False,2026-08-03,2026-08-17,Vigente,Rosmery Duran Lomar (Telf: 6453890),,Chuquisaca,NB-SABS (D.S.0181)
26-0035-01-1663507-2-2,Servicio De Impuestos Nacionales,Bienes,ANPP,Adquisición De Materiales Para Rackeado De Cables De Fibra Óptica Para El Cpd Del Sin,True,2026-08-03,2026-08-18,Vigente,Elvira Gutierrez Mamani (Telf: 2606060 ),,La Paz,NB-SABS (D.S.0181)
26-0041-00-1670020-1-2,"Ministerio De Desarrollo Productivo, Rural Y Agua",Bienes,ANPE,Adquisición De Equipos De Comunicación Para El Centro De Datos Obrajes Del Mdprya,True,2026-08-03,2026-08-12,Vigente,Zamir Nacif Ortiz (Telf: 2184444 - INT 320),,La Paz,NB-SABS (D.S.0181)
26-0041-20-1678889-1-1,Unidad Desconcentrada Empoderar,Bienes,OF,Segunda Adquisición De Toners Para Impresoras Y Fotocopiadoras Del Programa Par Iii - Gestión 2026,False,2026-08-03,2026-08-10,Vigente,Rumi Nayra Perez Gutierrez (Telf: 2141750-2145337-71952144),,La Paz,Normativa del Financiador (BM)
26-0041-20-1678906-1-1,Unidad Desconcentrada Empoderar,Servicios Generales,OF,Servicio De Alquiler De Hosting Para Servidor Del Sistema Sigg Par Iii,False,2026-08-03,2026-08-10,Vigente,Rumi Nayra Perez Gutierrez (Telf: 2141750-2145337-71952144),,La Paz,Normativa del Financiador (BM)
26-0041-20-1678913-0-E,Unidad Desconcentrada Empoderar,Servicios Generales,OF,Servicio De Limpieza Uod Tarija,False,2026-08-03,,Contratado,Rumi Nayra Perez Gutierrez (Telf: 2141750-2145337-71952144),,La Paz,Normativa del Financiador (BM)
26-0041-20-1678922-0-E,Unidad Desconcentrada Empoderar,Servicios Generales,OF,Servicio De Limpieza Uor Rurrenabaque,False,2026-08-03,,Contratado,Rumi Nayra Perez Gutierrez (Telf: 2141750-2145337-71952144),,La Paz,Normativa del Financiador (BM)
26-0041-20-1678940-0-E,Unidad Desconcentrada Empoderar,Consultoria,OF,Acompañante De Alianzas Productivas  Uor Riberalta Cipa 029/2026,False,2026-08-03,,Contratado,Carmen Tatiana Sanjinez Segovia (Telf: 2141750-2145337-71952144),,La Paz,Normativa del Financiador (BM)
26-0041-20-1678953-0-E,Unidad Desconcentrada Empoderar,Consultoria,OF,Acompañante De Alianzas Productivas Uor Riberalta  Cipa 030/2026,False,2026-08-03,,Contratado,Carmen Tatiana Sanjinez Segovia (Telf: 2141750-2145337-71952144),,La Paz,Normativa del Financiador (BM)
26-0041-20-1678985-0-E,Unidad Desconcentrada Empoderar,Consultoria,OF,Acompañante De Alianzas Productivas Uor Riberalta Cipa 028/2026,False,2026-08-03,,Contratado,Carmen Tatiana Sanjinez Segovia (Telf: 2141750-2145337-71952144),,La Paz,Normativa del Financiador (BM)
26-0041-20-1678996-0-E,Unidad Desconcentrada Empoderar,Consultoria,OF,Acompañante De Alianzas Comunitarias Uor Camargo Cipac 028/2026,False,2026-08-03,,Contratado,Carmen Tatiana Sanjinez Segovia (Telf: 2141750-2145337-71952144),,La Paz,Normativa del Financiador (BM)
26-0041-20-1679005-0-E,Unidad Desconcentrada Empoderar,Consultoria,OF,Acompañante De Alianzas Comunitarias Uor Camargo  Cipac 027/2026,False,2026-08-03,,Contratado,Carmen Tatiana Sanjinez Segovia (Telf: 2141750-2145337-71952144),,La Paz,Normativa del Financiador (BM)
26-0041-20-1679018-0-E,Unidad Desconcentrada Empoderar,Consultoria,OF,Acompañante De Alianzas Productivas Uor Camargo Cipa 027/2026,False,2026-08-03,,Contratado,Carmen Tatiana Sanjinez Segovia (Telf: 2141750-2145337-71952144),,La Paz,Normativa del Financiador (BM)
26-0041-20-1679043-0-E,Unidad Desconcentrada Empoderar,Consultoria,OF,Acompañante De Alianzas Productivas Uor Camargo Cipa 026/2026,False,2026-08-03,,Contratado,Carmen Tatiana Sanjinez Segovia (Telf: 2141750-2145337-71952144),,La Paz,Normativa del Financiador (BM)
26-0041-20-1679058-0-E,Unidad Desconcentrada Empoderar,Consultoria,OF,Acompañante De Alianzas Productivas Uor Camargo Cipa 025/2026,False,2026-08-03,,Contratado,Carmen Tatiana Sanjinez Segovia (Telf: 2141750-2145337-71952144),,La Paz,Normativa del Financiador (BM)
26-0046-45-1668131-2-1,Escuela Nacional De Salud,Servicios Generales,ANPE,Servicio De Fotocopias Para La Escuela Nacional De Salud,True,2026-08-03,2026-08-12,Vigente,Freddy Condo Mamani (Telf: 2444225),,La Paz,NB-SABS (D.S.0181)
26-0066-00-1679030-0-E,Ministerio De Planificacion Del Desarrollo,Consultoria,CM,"Vmabccgdf/Appsqdp-Servicio De Consultoría Individual De Línea, Profesional Ix Gestion De Riesgos De Quimicos",False,2026-08-03,,Contratado,Americo Eduardo Chaves Chavez (Telf: 50850019),,La Paz,NB-SABS (D.S.0181)
26-0078-15-1678920-0-E,Entidad Ejecutora De Conversion A Gas Natural Vehicular - Eec-Gnv,Consultoria,CM,"Consultoría Individual De Línea - Profesional Para El Análisis, Fortalecimiento, Actualización Y Modernización De Los Sistemas De Información Operativa De La Eec-Gnv",False,2026-08-03,,Contratado,Soledad Gregoria Quispe Choque (Telf: 2184178),,La Paz,NB-SABS (D.S.0181)
26-0078-15-1678949-0-E,Entidad Ejecutora De Conversion A Gas Natural Vehicular - Eec-Gnv,Consultoria,CM,Consultoría Individual De Línea - Profesional Abogado De Programas De Conversión Y Recalificación,False,2026-08-03,,Contratado,Soledad Gregoria Quispe Choque (Telf: 2184178),,La Paz,NB-SABS (D.S.0181)
26-0078-15-1679000-0-E,Entidad Ejecutora De Conversion A Gas Natural Vehicular - Eec-Gnv,Consultoria,CM,Consultoría Individual De Línea - Técnico En Gestión Documental De Programas 2 - Unidad Financiera,False,2026-08-03,,Contratado,Soledad Gregoria Quispe Choque (Telf: 2184178),,La Paz,NB-SABS (D.S.0181)
26-0139-00-1663876-2-1,Universidad Mayor De San Andres - Umsa,Bienes,ANPE,"Adquisicion De ""Letrero 3d - Logotipo En Fachada Principal - Facultad De Medicina"".",True,2026-08-03,2026-08-12,Vigente,Felix Centellas Ticona (Telf: 2441994),,La Paz,NB-SABS (D.S.0181)
26-0139-00-1678316-1-1,Universidad Mayor De San Andres - Umsa,Bienes,CM,"Compra De Reactivos Para Estudios De Citogenetica Molecular Destinados Al Diagnostico De Sindrome Mielodisplasico De La Unidad De Biologia Celular De La Facultad De Medicina, Enfermeria, Nutricion Y Tecnologia Medica",False,2026-08-03,2026-08-10,Vigente,Felix Centellas Ticona (Telf: 2441994),,La Paz,NB-SABS (D.S.0181)
26-0139-00-1678923-0-E,Universidad Mayor De San Andres - Umsa,Consultoria,CM,"Servicio De Consultoria Individual De Linea Tecnico Ii : ""Ayudante De Laboratorio"", Con Destino Al Laboratorio De Calidad Ambiental Del Instituto De Ecologia, De La Facultad De Ciencias Puras Y Naturales - Umsa.",False,2026-08-03,,Contratado,Victor Hugo Borda Gemio (Telf: 2441994),,La Paz,NB-SABS (D.S.0181)
26-0139-00-1678928-1-1,Universidad Mayor De San Andres - Umsa,Bienes,CM,"Compra De Tres Antenas Wifi Para El Departamento De Ciencias Morfologicas De La Facultad De Medicina, Enfermeria, Nutricion Y Tecnologia Medica",False,2026-08-03,2026-08-10,Vigente,Felix Centellas Ticona (Telf: 2441994),,La Paz,NB-SABS (D.S.0181)
26-0139-00-1679116-1-1,Universidad Mayor De San Andres - Umsa,Bienes,CM,Compra De Una Pantalla Digital Interactiva Para La Carrera De Economia De La Facultad De Ciencias Economicas Y Financieras,False,2026-08-03,2026-08-10,Vigente,Maria Judith Sanchez Vargas (Telf: 2441994),,La Paz,NB-SABS (D.S.0181)
26-0140-00-1678470-1-1,Universidad Publica De El Alto Upea,Bienes,ANPP,Implem. De Equipos Para Laboratorio De Histologia Carrera De Odontologia,True,2026-08-03,2026-08-17,Vigente,Juan Cabezas Lovera (Telf: 2848070),,La Paz,NB-SABS (D.S.0181)
26-0141-00-1654237-1-3,Universidad Mayor De San Simon Umss,Consultoria,OF,Contratación De Auditoría Externa De La 5ta. Fase Asdi 2025 Para La Dirección De Investigación Científica Y Tecnológica”-Umss,False,2026-08-03,2026-08-21,Vigente,Darwin Peredo Rojas (Telf: 4 4524782),,Cochabamba,Otra Normativa especifica nacional
26-0142-00-1678951-1-1,Universidad Tecnica De Oruro Uto,Bienes,CM,Adquisicion De Semilla De Cebada Forrajera Para El Ceac,False,2026-08-03,2026-08-10,Vigente,Claudia Ximena Fernandez Burgoa (Telf: 5286039),,Oruro,NB-SABS (D.S.0181)
26-0142-00-1679075-1-1,Universidad Tecnica De Oruro Uto,Bienes,CND1,Adquisicion De Indumentaria Ocupacional-Spectrolab,False,2026-08-03,2026-08-05,Vigente,Ximena Zory Torrico Miranda (Telf: 5286039),,Oruro,Compro Hecho en Bolivia (D.S.4505)
26-0145-00-1678859-1-1,Universidad Autonoma Juan Misael Saracho,Bienes,CND1,"Adquisición De Dos Portátiles Para El Proyecto “Equipamiento Tecnológico Aulas Y Unidades De Apoyo Académico Facultad Ciencias Económicas Y Financieras Tarija""",False,2026-08-03,2026-08-10,Vigente,Oscar Moises Duran Ramirez (Telf: 466-43232- INTERNO 404),,Tarija,Compro Hecho en Bolivia (D.S.4505)
26-0146-00-1672411-2-1,Universidad Autonoma Gabriel Rene Moreno,Bienes,ANPP,Adquisicion De Camaras De Seguridad Para Los Predios Universitarios,True,2026-08-03,2026-08-18,Vigente,Isabel Chavez Añez (Telf: 3398516),,Santa Cruz,NB-SABS (D.S.0181)
26-0146-00-1678984-1-1,Universidad Autonoma Gabriel Rene Moreno,Consultoria,ANPE,Contratacion Servicio De Supervision Tecnica Para La Obra: Construccion Centro De Simulacion Para La Carrera De Medicina Dependientes De La Facultad Integral Del Chaco- F.I.-C.H.,False,2026-08-03,2026-08-11,Vigente,Jessica Rojas Melgar (Telf: 3398516),,Santa Cruz,NB-SABS (D.S.0181)
26-0203-00-1678912-0-E,Autoridad De Supervision Del Sistema Financiero,Consultoria,CM,Consultor Individual De Línea Auditor Interno – B (Supervisor X / Analista X),False,2026-08-03,,Contratado,Erick Gonzalo Catunta Choque (Telf:  2174444 - 2431919 ),,La Paz,NB-SABS (D.S.0181)
26-0283-00-1679074-1-1,Aduana Nacional,Bienes,ANPP,Adquisición De Baterias Para Equipos Ups De La Aduana Nacional,True,2026-08-03,2026-08-18,Vigente,Marlene Espinoza Salazar (Telf: 2128008),,La Paz,NB-SABS (D.S.0181)
26-0287-07-1678511-1-1,Fondo Nacional De Inversion Productiva Y Social - Pando,Bienes,CM,Adquisición De Equipamiento Menor Para El Proyecto: Implem. De Una Planta Procesadora Industrial De Arroz Comunidad Blanca Flor Municipio (Exaltacion (C. San Lorenzo)).,False,2026-08-03,2026-08-10,Vigente,Jherson Mauricio Buitrago Aduviri (Telf: 8421246),,Pando,NB-SABS (D.S.0181)
26-0287-07-1678958-1-1,Fondo Nacional De Inversion Productiva Y Social - Pando,Bienes,CM,Adquisición De Mobiliario Y Herramienta Industrial De Acero Inoxidable Para El Proyecto: Implem. Planta Procesadora Industrial De Derivados De Plátano (Harina Y Chifles) Municipio (Bolivar (C. Sena)).,False,2026-08-03,2026-08-10,Vigente,Jherson Mauricio Buitrago Aduviri (Telf: 8421246),,Pando,NB-SABS (D.S.0181)
26-0291-01-1678563-1-2,Administradora Boliviana De Carreteras - Regional La Paz,Consultoria,ANPE,Supervision Vial Del Tramo Lp10: Viacha-Charaña,False,2026-08-03,2026-08-12,Vigente,Julio Jorge Mendoza Medrano (Telf: 2495043 - 2494544),,La Paz,NB-SABS (D.S.0181)
26-0309-00-1679078-0-E,Autoridad De Fiscalizacion Del Juego - Aj,Servicios Generales,CD,Servicio De Publicacion De Material Informativo Aj - 2do Semestre - 2026,False,2026-08-03,,Contratado,Gladys Isabel Cuevas Calle (Telf: 2125057 - 2125081),,La Paz,NB-SABS (D.S.0181)
26-0313-00-1677964-1-2,Autoridad De Fiscalización Y Control De Pensiones Y Seguros - Aps,Bienes,ANPP,Adquisición De Un Sistema De Alimentación Ininterrumpida (Sai) Para La Aps – Gestión 2026,True,2026-08-03,2026-08-18,Vigente,Tania Guzman Carvallo (Telf: 2331212),,La Paz,NB-SABS (D.S.0181)
26-0382-00-1669377-4-1,Agencia De Infraestructura En Salud Y Equipamiento Medico,Bienes,ANPE,Adquisicion De Un Equipo Firewall De Seguridad Para La Aisem,True,2026-08-03,2026-08-12,Vigente,Sandra Mamani Calle (Telf: 2125007),,La Paz,NB-SABS (D.S.0181)
26-0385-00-1679045-1-1,Autoridad De Supervision De La Seguridad Social De Corto Plazo,Bienes,CM,Adquisicion De Papel Para La Asuss Segundo Semestre,False,2026-08-03,2026-08-10,Vigente,Gabriela Garcia Tenorio (Telf: 2152400 - 2431798),,La Paz,NB-SABS (D.S.0181)
26-0389-00-1678861-1-1,Navegacion Aerea Y Aeropuertos Bolivianos,Bienes,ANPP,Adquisición Material De Iluminacion Regional Cochabamba,True,2026-08-03,2026-08-19,Vigente,Claudia Samira Ortega Flores (Telf: 2351305),,La Paz,NB-SABS (D.S.0181)
26-0389-00-1679112-1-1,Navegacion Aerea Y Aeropuertos Bolivianos,Obras,ANPP,Mantenimiento Del Cerco Perimetral Aeropuerto Jorge Henrich,True,2026-08-03,2026-08-18,Vigente,Carlos Javier Gutierrez Zenteno (Telf: 2351305),,La Paz,NB-SABS (D.S.0181)
26-0417-01-1678743-1-1,Caja Nacional De Salud (Regional Tarija),Bienes,CM,"Adquisicion De Instrumental Menor, Para Enfermeria Cimfa 15 De Abril",False,2026-08-03,2026-08-10,Vigente,Jhosimar Claros Espinoza (Telf: 6642940),,Tarija,NB-SABS (D.S.0181)
26-0417-01-1679046-1-1,Caja Nacional De Salud (Regional Tarija),Bienes,CM,"Adquisicion Medicamento Carvedilol 12.50 Mg (C-07-05), Para Regencia De Farmacia",False,2026-08-03,2026-08-10,Vigente,Jhosimar Claros Espinoza (Telf: 6642940),,Tarija,NB-SABS (D.S.0181)
26-0417-01-1679056-1-1,Caja Nacional De Salud (Regional Tarija),Bienes,CM,"Adquisicion Medicamento Carvedilol 6.25 Mg (C-07-04), Para Regencia De Farmacia",False,2026-08-03,2026-08-10,Vigente,Jhosimar Claros Espinoza (Telf: 6642940),,Tarija,NB-SABS (D.S.0181)
26-0417-03-1676171-1-2,Caja Nacional De Salud Regional Santa Cruz ,Bienes,ANPP,"15 Pieza Scanner De Alta Gama
10 Pieza Reloj Biometrico
05 Pieza Scanner Áereo Alta Gama
06 Pieza Ups Empresarial
Unidad Regional De Sistemas",True,2026-08-03,2026-08-13,Vigente,Robert Cabrera Cuellar (Telf: 3-393354),,Santa Cruz,NB-SABS (D.S.0181)
26-0417-04-1660850-4-1,Caja Nacional De Salud Regional Cochabamba,Bienes,ANPP,"Estrogenos Conjugados 0,625 Mg",True,2026-08-03,2026-08-18,Vigente,Ulisses Hernan Martinez Arteaga (Telf: 4234378),,Cochabamba,NB-SABS (D.S.0181)
26-0417-04-1678941-1-1,Caja Nacional De Salud Regional Cochabamba,Bienes,CM,Fresas De Diamante Surtidas (Kit X 18),False,2026-08-03,2026-08-10,Vigente,Nelson Evert Siles Balderrama (Telf: 4234378),,Cochabamba,NB-SABS (D.S.0181)
26-0417-04-1678956-1-1,Caja Nacional De Salud Regional Cochabamba,Bienes,CM,Campo Externa,False,2026-08-03,2026-08-10,Vigente,Nelson Evert Siles Balderrama (Telf: 4234378),,Cochabamba,NB-SABS (D.S.0181)
26-0417-04-1678962-1-1,Caja Nacional De Salud Regional Cochabamba,Bienes,CM,Pijama Quirurgica,False,2026-08-03,2026-08-10,Vigente,Nelson Evert Siles Balderrama (Telf: 4234378),,Cochabamba,NB-SABS (D.S.0181)
26-0417-04-1678978-1-1,Caja Nacional De Salud Regional Cochabamba,Bienes,CM,Selladora De Manga Mixta,False,2026-08-03,2026-08-10,Vigente,Nelson Evert Siles Balderrama (Telf: 4234378),,Cochabamba,NB-SABS (D.S.0181)
26-0417-04-1679064-1-1,Caja Nacional De Salud Regional Cochabamba,Bienes,ANPP,Tacrolimus 1 Mg,True,2026-08-03,2026-08-18,Vigente,Boris Javier Alarcon Hinojosa (Telf: 4234378),,Cochabamba,NB-SABS (D.S.0181)
26-0513-00-1678631-0-E,Yacimientos Petroliferos Fiscales Bolivianos - Ypfb,Servicios Generales,OF,Servicio Auxiliar Operador De Recalificadora 5 - Dclp,False,2026-08-03,,Contratado,Edwin Rolando Flores Casas (Telf: 2176300),,La Paz,Otra Normativa especifica nacional
26-0513-00-1678917-0-E,Yacimientos Petroliferos Fiscales Bolivianos - Ypfb,Servicios Generales,OF,Mantenimiento Preventivo Y Correctivo De Impresoras Y Otros - Dcch,False,2026-08-03,,Contratado,Brian Willy Arana Siles (Telf: 2176300),,La Paz,Normativa del Financiador
26-0513-00-1678921-0-E,Yacimientos Petroliferos Fiscales Bolivianos - Ypfb,Bienes,OF,Adquisicion De Equipo De Proteccion Personal - Drla,False,2026-08-03,,Contratado,Gilka Gabriela Nogales Siles (Telf: 2176300),,La Paz,Otra Normativa especifica nacional
26-0513-00-1678932-0-E,Yacimientos Petroliferos Fiscales Bolivianos - Ypfb,Obras,OF,Mantenimiento De Proteccion Catodica Por Anodos Galvanicos Udom-Dror,False,2026-08-03,,Contratado,Jhonny Chugar Vasquez (Telf: 2176300),,La Paz,Otra Normativa especifica nacional
26-0513-00-1678946-0-E,Yacimientos Petroliferos Fiscales Bolivianos - Ypfb,Obras,OF,Construccion De Red Secundaria En El Distrito 4 (Fase Xxiv) De La Ciudad De Oruro - Dror,False,2026-08-03,,Contratado,Jhonny Chugar Vasquez (Telf: 2176300),,La Paz,Otra Normativa especifica nacional
26-0513-00-1678959-0-E,Yacimientos Petroliferos Fiscales Bolivianos - Ypfb,Bienes,OF,Adquisición De Sillones Giratorios Y Estantes Para El Dcch,False,2026-08-03,,Contratado,Brian Willy Arana Siles (Telf: 2176300),,La Paz,Normativa del Financiador
26-0513-00-1678960-0-E,Yacimientos Petroliferos Fiscales Bolivianos - Ypfb,Obras,OF,Mantenimiento De Red Primaria Udom-Dror,False,2026-08-03,,Contratado,Jhonny Chugar Vasquez (Telf: 2176300),,La Paz,Otra Normativa especifica nacional
26-0513-00-1679073-0-E,Yacimientos Petroliferos Fiscales Bolivianos - Ypfb,Bienes,OF,Adquisición De Medidor De Temperatura Portatil Para Planta Gnl Río Grande,False,2026-08-03,,Contratado,Jose Antonio Coronado Quintanilla (Telf: 2176300),,La Paz,Otra Normativa especifica nacional
26-0520-00-1678934-1-1,Empresa Metalurgica Vinto - Nacionalizada,Bienes,ANPE,"Adquisicion De Equipos De Proteccion Personal (Guante De Pvc, Neopreno, Inserto Para Lente, Lente Antiparra, Respirador 8515)",True,2026-08-03,2026-08-11,Vigente,Mariela Calveti Castro (Telf: 252-78091 - 252-78098),,Oruro,NB-SABS (D.S.0181)
26-0520-00-1678979-1-1,Empresa Metalurgica Vinto - Nacionalizada,Servicios Generales,ANPE,Adquisicion De Servicio De Recarga De Extintores,True,2026-08-03,2026-08-11,Vigente,Mariela Calveti Castro (Telf: 252-78091 - 252-78098),,Oruro,NB-SABS (D.S.0181)
26-0548-00-1678800-1-1,Cofadena Oficina Central,Servicios Generales,ANPE,"Contratación Del Servicio De Alquiler De Un Semirremolque Tipo Lowboy (Chata Corta), Para El Cumplimiento De Actividades Y Plan De Repliegue Nº 001/2026 De La Unidad Productiva Cofadena Maquinaria Gestión 2026",True,2026-08-03,2026-08-12,Vigente,Luis Claudio Condori Castillo (Telf: 2433810),,La Paz,NB-SABS (D.S.0181)
26-0578-00-1674255-0-E,Empresa Publica Nacional Estrategica Boliviana De Aviacion - Bo A,Bienes,CD,(Ga-474) Compra De Producto Aeronáutico-Material De Uso Frecuente En La Flotа Boa,False,2026-08-03,,Contratado,Jaquelin Noemi Laime Quisbert (Telf: 4150000),,Cochabamba,D.S. 26688
26-0578-00-1674288-0-E,Empresa Publica Nacional Estrategica Boliviana De Aviacion - Bo A,Bienes,CD,(Ga-482) Compra De Producto Aeronáutico - Pn: A35860-10,False,2026-08-03,,Contratado,Jaquelin Noemi Laime Quisbert (Telf: 4150000),,Cochabamba,D.S. 26688
26-0578-00-1678936-0-E,Empresa Publica Nacional Estrategica Boliviana De Aviacion - Bo A,Bienes,CD,(Gm-547) Compra De Producto Aeronautico Pn: 113a1360-7,False,2026-08-03,,Contratado,Andrea Zulema Balderrama Bravo (Telf: 4150000),,Cochabamba,NB-SABS (D.S.0181)
26-0578-00-1678950-0-E,Empresa Publica Nacional Estrategica Boliviana De Aviacion - Bo A,Bienes,CD,(Ga-495) Compra De Producto Aeronautico Pn: 63-533,False,2026-08-03,,Contratado,Andrea Zulema Balderrama Bravo (Telf: 4150000),,Cochabamba,NB-SABS (D.S.0181)
26-0578-00-1678957-0-E,Empresa Publica Nacional Estrategica Boliviana De Aviacion - Bo A,Bienes,CD,(Ga-501) Compra De Producto Aeronautico Pn: M07601,False,2026-08-03,,Contratado,Andrea Zulema Balderrama Bravo (Telf: 4150000),,Cochabamba,NB-SABS (D.S.0181)
26-0578-00-1678964-0-E,Empresa Publica Nacional Estrategica Boliviana De Aviacion - Bo A,Bienes,CD,(Ga-491) Compra De Producto Aeronautico Pn: 2-1578-7,False,2026-08-03,,Contratado,Andrea Zulema Balderrama Bravo (Telf: 4150000),,Cochabamba,NB-SABS (D.S.0181)
26-0578-00-1678987-0-E,Empresa Publica Nacional Estrategica Boliviana De Aviacion - Bo A,Bienes,CD,(Gm-576) Compra De Producto Aeronautico Pn: 4041-70,False,2026-08-03,,Contratado,Andrea Zulema Balderrama Bravo (Telf: 4150000),,Cochabamba,NB-SABS (D.S.0181)
26-0586-00-1677021-1-1,"Empresa Azucarera San Buenaventura ""Easba""",Bienes,CM,Adquisicion De Acoples Y Accesorios De Goma Para La Planta Industrial,False,2026-08-03,2026-08-10,Vigente,Maria Angela Rodriguez Benito (Telf: 2145019),,La Paz,NB-SABS (D.S.0181)
26-0595-00-1679006-0-E,Gestora Publica De La Seguridad Social De Largo Plazo,Servicios Generales,CD,G26-Ucie- Servicio De Publicidad En Prensa 6,False,2026-08-03,,Contratado,Walter Luis Chuquimia Choque (Telf: 2188400),,La Paz,NB-SABS (D.S.0181)
26-0633-00-1679007-1-1,Empresa Misicuni,Bienes,CM,Adquisición De Equipo De Medición Portátil De Gases En Espacios Confirmados Para El Área De Seguridad Ocupacional,False,2026-08-03,2026-08-10,Vigente,Daysi Marlene Cotjiri Ibarra (Telf: (591-4) 4256083-4307175),,Cochabamba,NB-SABS (D.S.0181)
26-0670-00-1678972-0-E,Organo Electoral Plurinacional,Servicios Generales,CM,Servicio De Alquiler De Parqueo Para Vehiculos Del Servicio De Registro Civico De La Paz - Gestion 2026,False,2026-08-03,,Contratado,Reynaldo Perales Chacón (Telf: 2424221 - 2410545),,La Paz,NB-SABS (D.S.0181)
26-0670-03-1663186-0-E,Tribunal Electoral Departamental De Chuquisaca,Servicios Generales,CD,Servicio De Terceros - Tecnico De Informacion Computarizada Urbano (36 Casos) Segunda Vuelta,False,2026-08-03,,Contratado,Giovani Marcelo Rojas Ortube (Telf: 64 56393),,Chuquisaca,Ley 1700 Elecciones Subnacionales 2026
26-0901-00-1678926-1-1,Gobierno Autonomo Departamental De Chuquisaca,Bienes,CND1,"Adquisicion De Arroz, Para La Atención De Desastres Y/O Emergencias Por Amenaza Climatologica (Sequia) A Diferentes Municipios",False,2026-08-03,2026-08-10,Vigente,Yhovana Jorge Flores (Telf: 75437338),,Chuquisaca,Compro Hecho en Bolivia (D.S.4505)
26-0901-00-1679009-1-1,Gobierno Autonomo Departamental De Chuquisaca,Bienes,CNC,Adquisicion De Gaviones Y Colchonetas Para Trabajos De Prevención Y Protección De Terrenos Agrícolas En El Departamento De Chuquisaca,True,2026-08-03,2026-08-12,Vigente,Yhovana Jorge Flores (Telf: 75437338),,Chuquisaca,Compro Hecho en Bolivia (D.S.4505)
26-0901-00-1679026-1-1,Gobierno Autonomo Departamental De Chuquisaca,Bienes,CND1,"Adquisición De Azúcar, Para La Atención De Desastres Y/O Emergencias Por Amenaza Climatológica (Sequia) A Diferentes Municipios",False,2026-08-03,2026-08-10,Vigente,Paola Alejandra Suñiga Sandoval (Telf: 75437338),,Chuquisaca,Compro Hecho en Bolivia (D.S.4505)
26-0901-02-1673881-2-1,Servicio Departamental De Salud Chuquisaca,Bienes,ANPE,Adquisicion De Fentanilo Con Conservante Inyectable De 10 Ml Para Pacientes Del Sus Del Hospital De Tercer Nivel De Chuquisaca Segundo Cuatrimestre 2026,True,2026-08-03,2026-08-18,Vigente,Jose Alfredo Sanchez Moscoso (Telf: 64-53147 - 64-54891),,Chuquisaca,NB-SABS (D.S.0181)
26-0901-02-1675643-1-2,Servicio Departamental De Salud Chuquisaca,Bienes,CM,Adquisición De Cartucho Calibrador 300 Pruebas Para El Servicio De Laboratorio Del Hospital Gineco Obstetrico Y Neonatal Dr. Jaime Sanchez Porcel - Gestion 2026,False,2026-08-03,2026-08-10,Vigente,Deney Chavarria Soliz (Telf: 64-53147 - 64-54891),,Chuquisaca,NB-SABS (D.S.0181)
26-0901-02-1675666-1-2,Servicio Departamental De Salud Chuquisaca,Bienes,CM,Adquisición De Tarjeta Sensor Ccs Integral (Reactivos) Para El Servicio De Laboratorio Del Hospital Gineco Obstetrico Y Neonatal Dr. Jaime Sanchez Porcel - Gestion 2026,False,2026-08-03,2026-08-10,Vigente,Deney Chavarria Soliz (Telf: 64-53147 - 64-54891),,Chuquisaca,NB-SABS (D.S.0181)
26-0901-02-1678974-1-1,Servicio Departamental De Salud Chuquisaca,Bienes,CM,Adquisicion De Abiraterona De 250 Mg Comprimido Para El Area De Quimioterapia  Del Instituto Chuquisaqueño De Oncología Correspondiente Al Segundo Cuatrimestre De La Gestion 2026,False,2026-08-03,2026-08-10,Vigente,Dayana Serrudo Hidalgo (Telf: 64-53147 - 64-54891),,Chuquisaca,NB-SABS (D.S.0181)
26-0901-02-1678976-1-1,Servicio Departamental De Salud Chuquisaca,Bienes,CM,Adquisicion De Abiraterona De 250 Mg Comprimido Para El Servicio Dedispensacion  Del Instituto Chuquisaqueño De Oncología Correspondiente Al Segundo Cuatrimestre De La Gestion 2026,False,2026-08-03,2026-08-10,Vigente,Dayana Serrudo Hidalgo (Telf: 64-53147 - 64-54891),,Chuquisaca,NB-SABS (D.S.0181)
26-0901-02-1678982-1-1,Servicio Departamental De Salud Chuquisaca,Bienes,CM,Adquisicion De Docetaxel De 40 Mg/Ml Inyectable Para El Servicio De Farmacia Del Instituto Chuquisaqueño De Oncología Correspondiente Al Segundo Cuatrimestre De La Gestion 2026,False,2026-08-03,2026-08-10,Vigente,Dayana Serrudo Hidalgo (Telf: 64-53147 - 64-54891),,Chuquisaca,NB-SABS (D.S.0181)
26-0901-02-1678986-1-1,Servicio Departamental De Salud Chuquisaca,Bienes,CM,Adquisicion De Docetaxel De 40 Mg /Ml Inyectable Para El Area De Quimioterapia    Para El Instituto Chuquisaqueño De Oncología Correspondiente Al Segundo Cuatrimestre De La  Gestión  2026,False,2026-08-03,2026-08-10,Vigente,Dayana Serrudo Hidalgo (Telf: 64-53147 - 64-54891),,Chuquisaca,NB-SABS (D.S.0181)
26-0901-02-1678989-1-1,Servicio Departamental De Salud Chuquisaca,Bienes,CM,Adquisicion De Rituximab De 500 Mg/ Inyectable Para El Servicio De Farmacia Del Instituto Chuquisaqueño De Oncología Correspondiente Al Segundo Cuatrimestre De La Gestion 2026,False,2026-08-03,2026-08-10,Vigente,Dayana Serrudo Hidalgo (Telf: 64-53147 - 64-54891),,Chuquisaca,NB-SABS (D.S.0181)
26-0901-02-1678997-1-1,Servicio Departamental De Salud Chuquisaca,Bienes,CM,Adquisicion De Rituximab De 500 Mg Inyectable Para El Area De Almacen   Para El Instituto Chuquisaqueño De Oncología Correspondiente Al Segundo Cuatrimestre De La  Gestión  2026,False,2026-08-03,2026-08-10,Vigente,Dayana Serrudo Hidalgo (Telf: 64-53147 - 64-54891),,Chuquisaca,NB-SABS (D.S.0181)
26-0901-02-1678999-1-1,Servicio Departamental De Salud Chuquisaca,Bienes,CM,Adquisicion De Rituximab De 500 Mg Inyectable Para El Area De Quimioterapia Para El Instituto Chuquisaqueño De Oncología Correspondiente Al Segundo Cuatrimestre  De La  Gestión  2026,False,2026-08-03,2026-08-10,Vigente,Dayana Serrudo Hidalgo (Telf: 64-53147 - 64-54891),,Chuquisaca,NB-SABS (D.S.0181)
26-0901-05-1679057-1-1,Servicio Departamental De Gestion Social Chuquisaca,Bienes,CM,"Adquisicion De Alimentos Frescos (Frutas, Verduras, Carne Y Otros) Para El Comedor Del Adulto Mayor En El Municipio De Tomina Dependiente Del Servicio Departamental De Gestion Social De Chuquisaca Correspondiente A Los Meses De Agosto A Diciembre De La Gestion 2026.",False,2026-08-03,2026-08-10,Vigente,Kevin Villavicencio Rodriguez (Telf: 75792285),,Chuquisaca,NB-SABS (D.S.0181)
26-0902-03-1678902-1-1,Instituto Nacional De Medicina Nuclear - Inamen,Bienes,ANPE,Adquisición De Reactivos Para La Realización Y Procesamiento De Pruebas Inmunologicas En Los Equipos Nefelometro Y Lector Elisa,True,2026-08-03,2026-08-11,Vigente,Cecilia Ingrid Pérez Zubieta (Telf: 2226116-2229884),,La Paz,NB-SABS (D.S.0181)
26-0902-04-1678975-1-1,Servicio Departamental De Deportes,Servicios Generales,ANPE,Servicio De Mantenimiento Preventivo Y Correctivo Del Sistema De Calderos Del Estadio Hernando Siles Y Del Sistema Termomecánico Y De Tratamiento De Aguas De La Piscina Olímpica De Alto Obrajes,True,2026-08-03,2026-08-12,Vigente,Luis Alfredo Rios De La Barra (Telf: 2224066 - 2224055),,La Paz,NB-SABS (D.S.0181)
26-0902-06-1678071-0-E,Servicio Departamental De Caminos La Paz,Bienes,CD,"Adquisición De 10.000 Litros De Diésel, Proyecto Mej. Carretera Viacha - Jalsuri (Complementación Desde El Limite De Radio Urbano D-1 Hasta El Enlace Con El Pavimento) Sector Comunidad Charahuayto, Julio 2026 (1)",False,2026-08-03,,Contratado,Ruth Anastacia Choquehuanca Yujra (Telf: 2305626),,La Paz,NB-SABS (D.S.0181)
26-0902-06-1678137-0-E,Servicio Departamental De Caminos La Paz,Bienes,CD,"Adquisición De 10.000 Litros De Diésel, Proyecto Mej. Carretera Viacha - Jalsuri (Complementación Desde El Limite De Radio Urbano D-1 Hasta El Enlace Con El Pavimento) Sector Comunidad Charahuayto, Julio 2026 (2)",False,2026-08-03,,Contratado,Ruth Anastacia Choquehuanca Yujra (Telf: 2305626),,La Paz,NB-SABS (D.S.0181)
26-0902-06-1678140-0-E,Servicio Departamental De Caminos La Paz,Bienes,CD,"Adquisición De 10.000 Litros De Diésel, Proyecto Mej. Carretera Viacha - Jalsuri (Complementación Desde El Limite De Radio Urbano D-1 Hasta El Enlace Con El Pavimento) Sector Comunidad Charahuayto, Julio 2026 (3)",False,2026-08-03,,Contratado,Ruth Anastacia Choquehuanca Yujra (Telf: 2305626),,La Paz,NB-SABS (D.S.0181)
26-0902-06-1678145-0-E,Servicio Departamental De Caminos La Paz,Bienes,CD,"Adquisición De 10.000 Litros De Diésel, Proyecto Mej. Carretera Viacha - Jalsuri (Complementación Desde El Limite De Radio Urbano D-1 Hasta El Enlace Con El Pavimento) Sector Comunidad Charahuayto, Julio 2026 (4)",False,2026-08-03,,Contratado,Ruth Anastacia Choquehuanca Yujra (Telf: 2305626),,La Paz,NB-SABS (D.S.0181)
26-0902-06-1678167-0-E,Servicio Departamental De Caminos La Paz,Bienes,CD,"Adquisición De 10.000 Litros De Diésel, Proyecto Mej. Carretera Viacha - Jalsuri (Complementación Desde El Limite De Radio Urbano D-1 Hasta El Enlace Con El Pavimento) Sector Comunidad Charahuayto, Julio 2026 (5)",False,2026-08-03,,Contratado,Ruth Anastacia Choquehuanca Yujra (Telf: 2305626),,La Paz,NB-SABS (D.S.0181)
26-0902-06-1678472-0-E,Servicio Departamental De Caminos La Paz,Bienes,CD,"Adquisición De 10.000 Litros De Gasolina, Precintos Y Reposicion De Formulario, Para Trabajos De Mantenimiento Rutinario En La Red Vial Departamental, Mes De Julio 2026 (1)",False,2026-08-03,,Contratado,Ruth Anastacia Choquehuanca Yujra (Telf: 2305626),,La Paz,NB-SABS (D.S.0181)
26-0902-06-1678473-0-E,Servicio Departamental De Caminos La Paz,Bienes,CD,"Adquisición De 10.000 Litros De Diesel, Precintos Y Reposicion De Formulario, Para Trabajos De Mantenimiento Rutinario En La Red Vial Departamental, Mes De Julio 2026 (1)",False,2026-08-03,,Contratado,Ruth Anastacia Choquehuanca Yujra (Telf: 2305626),,La Paz,NB-SABS (D.S.0181)
26-0902-06-1678476-0-E,Servicio Departamental De Caminos La Paz,Bienes,CD,"Adquisición De 10.000 Litros De Diesel, Precintos Y Reposicion De Formulario, Para Trabajos De Mantenimiento Rutinario En La Red Vial Departamental, Mes De Julio 2026 (2)",False,2026-08-03,,Contratado,Ruth Anastacia Choquehuanca Yujra (Telf: 2305626),,La Paz,NB-SABS (D.S.0181)
26-0902-06-1678480-0-E,Servicio Departamental De Caminos La Paz,Bienes,CD,"Adquisición De 10.000 Litros De Diesel, Precintos Y Reposicion De Formulario, Para Trabajos De Mantenimiento Rutinario En La Red Vial Departamental, Mes De Julio 2026 (3)",False,2026-08-03,,Contratado,Ruth Anastacia Choquehuanca Yujra (Telf: 2305626),,La Paz,NB-SABS (D.S.0181)
26-0902-06-1678481-0-E,Servicio Departamental De Caminos La Paz,Bienes,CD,"Adquisición De 10.000 Litros De Diesel, Precintos Y Reposicion De Formulario, Para Trabajos De Mantenimiento Rutinario En La Red Vial Departamental, Mes De Julio 2026 (4)",False,2026-08-03,,Contratado,Ruth Anastacia Choquehuanca Yujra (Telf: 2305626),,La Paz,NB-SABS (D.S.0181)
26-0902-06-1678485-0-E,Servicio Departamental De Caminos La Paz,Bienes,CD,"Adquisición De 10.000 Litros De Diesel, Precintos Y Reposicion De Formulario, Para Trabajos De Mantenimiento Rutinario En La Red Vial Departamental, Mes De Julio 2026 (5)",False,2026-08-03,,Contratado,Ruth Anastacia Choquehuanca Yujra (Telf: 2305626),,La Paz,NB-SABS (D.S.0181)
26-0902-06-1678507-0-E,Servicio Departamental De Caminos La Paz,Bienes,CD,"Adquisición De 10.000 Litros De Diesel, Precintos Y Reposicion De Formulario, Para Trabajos De Mantenimiento Rutinario En La Red Vial Departamental, Mes De Julio 2026 (6)",False,2026-08-03,,Contratado,Ruth Anastacia Choquehuanca Yujra (Telf: 2305626),,La Paz,NB-SABS (D.S.0181)
26-0902-06-1678546-0-E,Servicio Departamental De Caminos La Paz,Bienes,CD,"Adquisición De 10.000 Litros De Diesel, Precintos Y Reposicion De Formulario, Para Trabajos De Mantenimiento Rutinario En La Red Vial Departamental, Mes De Julio 2026 (7)",False,2026-08-03,,Contratado,Ruth Anastacia Choquehuanca Yujra (Telf: 2305626),,La Paz,NB-SABS (D.S.0181)
26-0902-06-1678559-0-E,Servicio Departamental De Caminos La Paz,Bienes,CD,"Adquisición De 10.000 Litros De Diesel, Precintos Y Reposicion De Formulario, Para Trabajos De Mantenimiento Rutinario En La Red Vial Departamental, Mes De Julio 2026 (8)",False,2026-08-03,,Contratado,Ruth Anastacia Choquehuanca Yujra (Telf: 2305626),,La Paz,NB-SABS (D.S.0181)
26-0902-06-1678574-0-E,Servicio Departamental De Caminos La Paz,Bienes,CD,"Adquisición De 10.000 Litros De Diesel, Precintos Y Reposicion De Formulario, Para Trabajos De Mantenimiento Rutinario En La Red Vial Departamental, Mes De Julio 2026 (9)",False,2026-08-03,,Contratado,Ruth Anastacia Choquehuanca Yujra (Telf: 2305626),,La Paz,NB-SABS (D.S.0181)
26-0902-06-1678583-0-E,Servicio Departamental De Caminos La Paz,Bienes,CD,"Adquisición De 10.000 Litros De Diesel, Precintos Y Reposicion De Formulario, Para Trabajos De Mantenimiento Rutinario En La Red Vial Departamental, Mes De Julio 2026 (10)",False,2026-08-03,,Contratado,Ruth Anastacia Choquehuanca Yujra (Telf: 2305626),,La Paz,NB-SABS (D.S.0181)
26-0902-42-1678981-1-1,Instituto Nacional Del Torax,Bienes,ANPE,"Adquisicion De Insumos Y Dispositivos Medicos, Para La Primera Quincena Del Mes De Septiembre De La Gestion 2026",True,2026-08-03,2026-08-12,Vigente,Sonia America Alejo Mendoza (Telf: 2-226475 / 2-226464),,La Paz,NB-SABS (D.S.0181)
26-0902-42-1678994-1-1,Instituto Nacional Del Torax,Bienes,CM,"Adquisicion De Cateter Venoso Central Doble Lumen, Para El El Mes Agosto Y Brindar Atenciion A Los Pacientes Del Int Gestion 2026",False,2026-08-03,2026-08-10,Vigente,Sonia America Alejo Mendoza (Telf: 2-226475 / 2-226464),,La Paz,NB-SABS (D.S.0181)
26-0902-42-1679003-1-1,Instituto Nacional Del Torax,Bienes,CM,"Adquisición De Instrumental Menor Medico Quirúrgico Para El Area De Química Sanguínea, Hemostasia Y Bacteriología Del Laboratorio Clínico Del Int",False,2026-08-03,2026-08-11,Vigente,Maria Antonieta Quispe Quispe (Telf: 2-226475 / 2-226464),,La Paz,NB-SABS (D.S.0181)
26-0903-02-1678943-0-E,Servicio Departamental De Políticas Sociales Cbba,Consultoria,CM,Segunda Contratación De Consultor De Linea Operador (A) Terapeutico Nº 2 / Programa Para Personas En Situacion De Calle Drogodependientes,False,2026-08-03,,Contratado,Reyna Evelyn Aguayo Espinoza (Telf: 4226862 - 4229558 - 4227785),,Cochabamba,NB-SABS (D.S.0181)
26-0905-09-1679008-1-1,Hospital Daniel Bracamonte,Bienes,CNC,Pedido N° 182 Adquisicion De Medicamentos (Solucion Fisiologica 1000cc) Para El Hospital Daniel Bracamonte - Compra Anpe - Hecho En Bolivia,True,2026-08-03,2026-08-10,Vigente,Juan Marcelo Villalpando Montoya (Telf: 6244961),,Potosi,Compro Hecho en Bolivia (D.S.4505)
26-0905-09-1679059-1-1,Hospital Daniel Bracamonte,Bienes,ANPE,“Pedido 183 Adquisicion De Medicamentos (Solucion Fisiologica 100cc) Para El Hospital Daniel Bracamonte – Compra Anpe”,True,2026-08-03,2026-08-11,Vigente,Juan Marcelo Villalpando Montoya (Telf: 6244961),,Potosi,NB-SABS (D.S.0181)
26-0906-00-1678938-1-1,Gobierno Autónomo Departamental De Tarija,Bienes,ANPP,Adquisicion X De Medicamentos Para El Intraid Gestion 2026,True,2026-08-03,2026-08-18,Vigente,Edwin Roman Bolivar (Telf: 72990919),,Tarija,NB-SABS (D.S.0181)
26-0906-03-1678969-1-1,Servicio Departamental De Salud Tarija - Sedes,Bienes,CM,Adquisicion De Midazolam (1 Julio) Para El Hospital Regional San Juan De Dios,False,2026-08-03,2026-08-10,Vigente,Maria Jose Molina Rocabado (Telf: 4-6643257),,Tarija,NB-SABS (D.S.0181)
26-0906-39-1678903-1-1,"Hospital Materno Infantil ""Dr. Juan Manuel Jijena Duran""",Bienes,CM,Adquisicion De Productos Quimicos Y Farmaceuticos (Insumos Varios Con Saldos Presupuestarios) Para El Hospital Materno Infantil Dr. Juan Manuel Jijena Duran,False,2026-08-03,2026-08-10,Vigente,Francisco Javier Ortega Martinez (Telf: 75111960),,Tarija,NB-SABS (D.S.0181)
26-0906-39-1679012-1-1,"Hospital Materno Infantil ""Dr. Juan Manuel Jijena Duran""",Servicios Generales,ANPE,"Contratacion De Servicios De Imprenta, Fotocopiado Y Otros Para El Hospital Materno Infantil Dr. Juan Manuel Jijena Duran",True,2026-08-03,2026-08-12,Vigente,Francisco Javier Ortega Martinez (Telf: 75111960),,Tarija,NB-SABS (D.S.0181)
26-0907-00-1678991-1-1,Gobierno Autónomo Departamental De Santa Cruz,Bienes,CNC,Adquisicion De Ketorolaco,True,2026-08-03,2026-08-10,Vigente,Mauricio Castedo Roca (Telf: 3636300/3-3332760 /3636256),,Santa Cruz,Compro Hecho en Bolivia (D.S.4505)
26-0907-00-1679060-1-1,Gobierno Autónomo Departamental De Santa Cruz,Bienes,CNC,"Adquisicion De Oxigeno Medicinal Para La Atencion De Pacientes Beneficiarios Del Sus, Del Hospital De Tercer Nivel Montero, Gestion 2026 Sdsdh",True,2026-08-03,2026-08-10,Vigente,Gustavo Nuñez Mendia (Telf: 3636300/3-3332760 /3636256),,Santa Cruz,Compro Hecho en Bolivia (D.S.4505)
26-0907-00-1679063-1-1,Gobierno Autónomo Departamental De Santa Cruz,Bienes,CNC,"Adquisicion De Iodo Povidona (Yodopovidona) Para Los Pacientes Beneficiarios Del Sus Del Hospital De Tercer Nivel Montero, Gestion 2026, Sdsdh. (Segunda Adquisicion)",True,2026-08-03,2026-08-10,Vigente,Gustavo Nuñez Mendia (Telf: 3636300/3-3332760 /3636256),,Santa Cruz,Compro Hecho en Bolivia (D.S.4505)
26-1101-00-1649603-1-2,Gobierno Autonomo Municipal De Sucre,Obras,ANPE,Construccion Pavimento Rigido Calle S/D J.V. Cruce Azari,True,2026-08-03,2026-08-11,Vigente,Victor Hugo Arancibia Hinojosa (Telf: 6456185 ),,Chuquisaca,NB-SABS (D.S.0181)
26-1101-00-1671342-1-2,Gobierno Autonomo Municipal De Sucre,Obras,ANPP,Construccion Red De Distribucion De Agua Comunidad La Zapatera,True,2026-08-03,2026-08-17,Vigente,Victor Hugo Arancibia Hinojosa (Telf: 6456185 ),,Chuquisaca,NB-SABS (D.S.0181)
26-1101-00-1678630-0-E,Gobierno Autonomo Municipal De Sucre,Servicios Generales,CD,Contratacion De Servicio De Cobro De La Patente De Funcionamiento Eventual Por Sitiaje En Las Diferentes Arterias Del Municipio De Sucre,False,2026-08-03,,Contratado,Israel Oscar Flores Rivera (Telf: 6456185 ),,Chuquisaca,NB-SABS (D.S.0181)
26-1101-00-1678948-1-1,Gobierno Autonomo Municipal De Sucre,Bienes,CND1,"Adquisicion De Alambre Galvanizado Bwg 12, Clavos Bwg 10 Para La Proteccion De Huerta Y Canal De La Comunidad La Palma",False,2026-08-03,2026-08-05,Vigente,Mauricio Azurduy Martinez (Telf: 6456185 ),,Chuquisaca,Compro Hecho en Bolivia (D.S.4505)
26-1101-00-1679021-1-1,Gobierno Autonomo Municipal De Sucre,Obras,ANPE,Construccion Pavimento Rigido Acceso Unidad Educativa San Rafael D-2,True,2026-08-03,2026-08-11,Vigente,Mario Wilder Torres Echalar (Telf: 6456185 ),,Chuquisaca,NB-SABS (D.S.0181)
26-1101-00-1679022-1-1,Gobierno Autonomo Municipal De Sucre,Obras,ANPE,Construccion Enlosetado Tramo Segunda Estacion Calle S/D J.V. Churuquella,True,2026-08-03,2026-08-11,Vigente,Victor Hugo Arancibia Hinojosa (Telf: 6456185 ),,Chuquisaca,NB-SABS (D.S.0181)
26-1101-00-1679040-1-1,Gobierno Autonomo Municipal De Sucre,Obras,ANPE,Ampliacion Muro De Contencion Calle Samaypata J.V. Loyola Bajo,True,2026-08-03,2026-08-11,Vigente,Mario Wilder Torres Echalar (Telf: 6456185 ),,Chuquisaca,NB-SABS (D.S.0181)
26-1120-00-1679061-1-1,Gobierno Autonomo Municipal De San Lucas,Servicios Generales,ANPE,"Servicio De Imprenta, Para La Impresión De Diferentes Materiales De Imprenta Para La Red De Salud Municipio San Lucas",True,2026-08-03,2026-08-12,Vigente,Wenceslao Avila Martinez (Telf: 4-6937890 / 4-6937891),,Chuquisaca,NB-SABS (D.S.0181)
26-1201-00-1677007-0-E,Gobierno Autonomo Municipal De La Paz,Obras,CD,Reconstruccion Encarpetado Y Obras Complementarias Calle F Zona Las Lomas,False,2026-08-03,,Contratado,Cristhian Joel Castillo Titirico (Telf: 2650000),,La Paz,NB-SABS (D.S.0181)
26-1201-00-1677290-0-E,Gobierno Autonomo Municipal De La Paz,Obras,CD,Reconstruccion Aceras Y Obras Complementarias Calle Jose Choquehuanca Zona Final Cuarto Centenario Alto Villa Nuevo Potosi,False,2026-08-03,,Contratado,Cristhian Joel Castillo Titirico (Telf: 2650000),,La Paz,NB-SABS (D.S.0181)
26-1201-00-1678239-0-E,Gobierno Autonomo Municipal De La Paz,Obras,CD,Construccion Enmallado Y Obras Complementarias Calle Prolongacion Landaeta Zona Phajchani Tacagua Centro,False,2026-08-03,,Contratado,Nicolasa Rogelia Lucana Huallpa (Telf: 2650000),,La Paz,NB-SABS (D.S.0181)
26-1201-00-1678274-0-E,Gobierno Autonomo Municipal De La Paz,Obras,CD,Construccion Canalizacion Y Obras Complementarias Rio Arku Punku Parte Baja Avenida Julio Tellez Zona San Juan Tembladerani Final,False,2026-08-03,,Contratado,Nicolasa Rogelia Lucana Huallpa (Telf: 2650000),,La Paz,NB-SABS (D.S.0181)
26-1201-00-1678312-0-E,Gobierno Autonomo Municipal De La Paz,Obras,CD,Construccion Encarpetado Y Obras Complementarias Calle Moxos Zona Las Nieves,False,2026-08-03,,Contratado,Nicolasa Rogelia Lucana Huallpa (Telf: 2650000),,La Paz,NB-SABS (D.S.0181)
26-1201-00-1678323-0-E,Gobierno Autonomo Municipal De La Paz,Obras,CD,Construccion Encarpetado Y Obras Complementarias Pasaje Castalia Barbara Zona Adela Zamudio,False,2026-08-03,,Contratado,Nicolasa Rogelia Lucana Huallpa (Telf: 2650000),,La Paz,NB-SABS (D.S.0181)
26-1202-00-1678490-1-1,Gobierno Autonomo Municipal De Palca,Bienes,ANPE,Const. Casa Cultural Central Agraria Huancapampa (Adquisicion De Materiales),True,2026-08-03,2026-08-11,Vigente,Sofia Magali Usnayo Apaza (Telf: 73028516),,La Paz,NB-SABS (D.S.0181)
26-1202-00-1679062-1-1,Gobierno Autonomo Municipal De Palca,Bienes,CM,Const. Sistema De Alcantarillado Com. Milla Milla (Adquisicion De Materiales),False,2026-08-03,2026-08-10,Vigente,Sofia Magali Usnayo Apaza (Telf: 73028516),,La Paz,NB-SABS (D.S.0181)
26-1203-00-1679037-1-1,Gobierno Autonomo Municipal De Mecapaca,Bienes,CNC,Const. Muro De Contencion En Rio La Paz  Com. Huayhuasi,True,2026-08-03,2026-08-11,Vigente,Javier Andres Flores Mamani (Telf: 2-749042),,La Paz,Compro Hecho en Bolivia (D.S.4505)
26-1203-00-1679067-1-1,Gobierno Autonomo Municipal De Mecapaca,Bienes,CNC,Servicios De Salud Universal Y Gratuita -S.U.S. Ley 1152- “Adquisicion Medicamentos E Insumos Para Los C.S. Del Municipio De Mecapaca - Chb,True,2026-08-03,2026-08-11,Vigente,Javier Andres Flores Mamani (Telf: 2-749042),,La Paz,Compro Hecho en Bolivia (D.S.4505)
26-1205-00-1643390-3-1,Gobierno Autonomo Municipal De El Alto,Obras,ANPE,Const. Parque Recreativo 16 De Febrero Fabriles D-4,True,2026-08-03,2026-08-12,Vigente,Lucy Mendoza Tarqui (Telf: 2-837715),,La Paz,NB-SABS (D.S.0181)
26-1205-11-1677098-1-2,Concejo Municipal De El Alto,Bienes,ANPE,Concejo Municipal (Adquisición De Material De Escritorio Gestion 2026),True,2026-08-03,2026-08-12,Vigente,Hector Camacho Mamani (Telf: 71557876),,La Paz,NB-SABS (D.S.0181)
26-1206-00-1677230-1-1,Gobierno Autonomo Municipal De Viacha,Bienes,ANPE,Const. Aula U.E. San Francisco Chicachata Com. Chicachata D-3 (Adq. Perfil Costanera De Acero Y Otros),True,2026-08-03,2026-08-12,Vigente,Jhanneth Suxo Mamani (Telf: 2800006),,La Paz,NB-SABS (D.S.0181)
26-1206-00-1679024-1-1,Gobierno Autonomo Municipal De Viacha,Bienes,CND1,Competencias Deportivas Seccional (Adquisición De Indumentaria Deportiva Para La Selección Categoría Juvenil Rama Femenina Y Rama Masculina De La Asociación Municipal De Voleibol Viacha),False,2026-08-03,2026-08-10,Vigente,Israel Franco Torrez Mendoza (Telf: 2800006),,La Paz,Compro Hecho en Bolivia (D.S.4505)
26-1224-00-1679115-0-E,Gobierno Autonomo Municipal De Achacachi,Bienes,EX,Const. Casa Artesanal Sub Central Casamaya (Adquisicion De Materiales),False,2026-08-03,,Contratado,Freddy Apaza Cruz (Telf: 63805779 - 68710252),,La Paz,NB-SABS (D.S.0181)
26-1249-00-1679076-1-1,Gobierno Autonomo Municipal De Apolo,Bienes,CNC,"Adquisición De Medicamentos E Insumos Médicos Para El Centro De Salud Integral Apolo, Tercer Trimestre, Gestión 2026",True,2026-08-03,2026-08-10,Vigente,Yoban Mendoza Huallpa (Telf: 64106290),,La Paz,Compro Hecho en Bolivia (D.S.4505)
26-1249-00-1679079-1-1,Gobierno Autonomo Municipal De Apolo,Bienes,CNC,"Adquisición De Medicamentos E Insumos Médicos Para El Centro De Salud Siphia, Primera Compra, Gestión 2026",True,2026-08-03,2026-08-10,Vigente,Yoban Mendoza Huallpa (Telf: 64106290),,La Paz,Compro Hecho en Bolivia (D.S.4505)
26-1249-00-1679082-1-1,Gobierno Autonomo Municipal De Apolo,Bienes,CNC,"Adquisición De Medicamentos E Insumos Médicos Para El Puesto De Salud Yuyo, Primera Compra, Gestión 2026",True,2026-08-03,2026-08-10,Vigente,Yoban Mendoza Huallpa (Telf: 64106290),,La Paz,Compro Hecho en Bolivia (D.S.4505)
26-1301-00-1678971-0-E,Gobierno Autonomo Municipal De Cochabamba,Servicios Generales,CD,Contratacion De Servicio Artistico Para Formacion Y Desarrollo Del Coro Municipal,False,2026-08-03,,Contratado,Rodrigo Arias Tellez (Telf: 4258103- 4425810-4258030),,Cochabamba,NB-SABS (D.S.0181)
26-1301-00-1678992-1-1,Gobierno Autonomo Municipal De Cochabamba,Bienes,CM,Adquisicion De Telas Para El Hospital Cochabamba - Gestion 2026,False,2026-08-03,2026-08-12,Vigente,Erick Andres Torres Flores (Telf: 4258103- 4425810-4258030),,Cochabamba,NB-SABS (D.S.0181)
26-1301-00-1679042-1-1,Gobierno Autonomo Municipal De Cochabamba,Bienes,CNC,Casilleros Metalicos,True,2026-08-03,2026-08-11,Vigente,Andrea Mildred Chavarria Mejia (Telf: 4258103- 4425810-4258030),,Cochabamba,Compro Hecho en Bolivia (D.S.4505)
26-1302-00-1678537-0-E,Gobierno Autonomo Municipal De Quillacollo,Consultoria,CM,Consultor Individual De Linea (Tecnico B - Lic. En Enfermeria 33) Hospital Gestion 2026,False,2026-08-03,,Contratado,Helen Wendy Colque Flores (Telf: 4260338-79788572),,Cochabamba,NB-SABS (D.S.0181)
26-1302-00-1678555-0-E,Gobierno Autonomo Municipal De Quillacollo,Consultoria,CM,Consultor Individual De Linea (Persoanl Apoyo C - Tecnico En Chagas 1) Gestion  2026,False,2026-08-03,,Contratado,Lena Skarle Alcocer Quiroz (Telf: 4260338-79788572),,Cochabamba,NB-SABS (D.S.0181)
26-1302-00-1679077-0-E,Gobierno Autonomo Municipal De Quillacollo,Consultoria,CM,Consultor Individual De Linea (Jefe De Unidad A - Medico Especialista Pediatra 1) Convenio De Universidades Gestión 2026,False,2026-08-03,,Contratado,Jose Manuel Flores Rocha (Telf: 4260338-79788572),,Cochabamba,NB-SABS (D.S.0181)
26-1302-00-1679098-0-E,Gobierno Autonomo Municipal De Quillacollo,Consultoria,CM,Consultor Individual De Linea (Jefe De Unidad A - Med.Esp. Cirujano) Hospital Gestion 2026,False,2026-08-03,,Contratado,Jose Manuel Flores Rocha (Telf: 4260338-79788572),,Cochabamba,NB-SABS (D.S.0181)
26-1303-00-1678809-0-E,Gobierno Autonomo Municipal De Sipe Sipe,Obras,CD,Mejoramiento De Cancha Polifuncional Vinto Chico Crucero (Enmallado),False,2026-08-03,,Contratado,Hector Quispe Catacora (Telf: 4381932),,Cochabamba,NB-SABS (D.S.0181)
26-1303-00-1678939-1-1,Gobierno Autonomo Municipal De Sipe Sipe,Bienes,ANPE,Cuarta Compra De Bobina Tricapa Para Yogurt Planta Procesadora De Lacteos Y Derivados Sipe Sipe,True,2026-08-03,2026-08-11,Vigente,Ronald Paco Limachi (Telf: 4381932),,Cochabamba,NB-SABS (D.S.0181)
26-1304-00-1675064-0-E,Gobierno Autonomo Municipal De Tiquipaya,Consultoria,CM,Consultoria Por Producto - Actualizacion De Reglamentos Especificos De Los Sistemas De Administracion Y Control Gubernamental Ley 1178,False,2026-08-03,,Contratado,Carla Trujillo Villarroel (Telf: 4315363 - 79761072),,Cochabamba,NB-SABS (D.S.0181)
26-1306-00-1662069-1-2,Gobierno Autonomo Municipal De Colcapirhua,Obras,ANPP,Ampl. Aulas Unidad Educativa 27 De Mayo Colcapirhua,True,2026-08-03,2026-08-19,Vigente,David Paniagua Flores (Telf: 4269985),,Cochabamba,NB-SABS (D.S.0181)
26-1307-00-1678914-1-1,Gobierno Autonomo Municipal De Aiquile,Bienes,CND1,"Compra De Carnes (Res-Pollo) Por El Mes De Agosto, Para La Preparación De Dietas Para Pacientes Internados Y Beneficiarios Del Sistema Único De Salud (Sus) Ley 1152 Del Hospital Carmen Lopez Segundo Nivel Con El D.S. 4505 Compra Hecho En Bolivia",False,2026-08-03,2026-08-05,Vigente,Sonia Cardozo Rodriguez (Telf: 4343303-4343100),,Cochabamba,Compro Hecho en Bolivia (D.S.4505)
26-1307-00-1678916-1-1,Gobierno Autonomo Municipal De Aiquile,Bienes,CND1,Adquisición De Carne De Res Y Carne De Pollo Para El Centro Comunitario Wawa Wasi Correspondiente A La Primera Quincena De Agosto De 2026,False,2026-08-03,2026-08-05,Vigente,Sonia Cardozo Rodriguez (Telf: 4343303-4343100),,Cochabamba,Compro Hecho en Bolivia (D.S.4505)
26-1307-00-1678918-1-1,Gobierno Autonomo Municipal De Aiquile,Bienes,CND1,"Adquisición De Víveres Secos Centro Comunitario Wawa Wasi - Agosto, Septiembre, Octubre",False,2026-08-03,2026-08-05,Vigente,Sonia Cardozo Rodriguez (Telf: 4343303-4343100),,Cochabamba,Compro Hecho en Bolivia (D.S.4505)
26-1307-00-1679015-1-1,Gobierno Autonomo Municipal De Aiquile,Bienes,CND1,"Compra De Carnes (Res-Pollo) Por El Mes De Agosto, Para La Preparación De Dietas Para Internos De Rotación, Assos De Especialidad Y Médicos Especialistas De Contrato Municipal Con El D.S. 4505 Compra Hecho En Bolivia",False,2026-08-03,2026-08-05,Vigente,Cirilo Paniagua Bautista (Telf: 4343303-4343100),,Cochabamba,Compro Hecho en Bolivia (D.S.4505)
26-1308-00-1678888-1-2,Gobierno Autonomo Municipal De Pasorapa,Servicios Generales,LP,Contratación De Seguros Para Vehículos Automotores Y Maquinaria Pesada Del Gobierno Autónomo Municipal De Pasorapa Gestión 2026-2027,True,2026-08-03,2026-08-28,Vigente,Armando Carlos Triveño Lizarazu (Telf: 67406896),,Cochabamba,NB-SABS (D.S.0181)
26-1312-00-1669363-2-1,Gobierno Autonomo Municipal De Sacaba,Obras,ANPE,Const. Empedrado Y Cordones Zona Norte Distrito 6 (Otb Chaupisuyo),True,2026-08-03,2026-08-12,Vigente,Alejandro Cabrera Apaza (Telf: 4702301),,Cochabamba,NB-SABS (D.S.0181)
26-1312-00-1670908-2-1,Gobierno Autonomo Municipal De Sacaba,Obras,ANPP,Const. Pavimento Zona Noreste Distrito 2 (Pavimento Rigido Otb Sidumss Norte Plan - B),True,2026-08-03,2026-08-19,Vigente,Richard Quelca Ledezma (Telf: 4702301),,Cochabamba,NB-SABS (D.S.0181)
26-1314-00-1675308-1-2,Gobierno Autonomo Municipal De Villa Tunari,Servicios Generales,ANPE,"Anpe 053-2026 Servicio De Instalación, Montaje Y Puesta En Funcionamiento Del Transformador Para La Fabrica De Tubos",True,2026-08-03,2026-08-11,Vigente,Silber Soto Mamani (Telf: 44136521 ),,Cochabamba,NB-SABS (D.S.0181)
26-1314-00-1678954-0-E,Gobierno Autonomo Municipal De Villa Tunari,Obras,EX,Cex 001-2026 Const. Aulas Y Baños U.E. Muyurina D9 Villa Tunari,False,2026-08-03,,Contratado,Silber Soto Mamani (Telf: 44136521 ),,Cochabamba,NB-SABS (D.S.0181)
26-1314-00-1679065-1-1,Gobierno Autonomo Municipal De Villa Tunari,Bienes,ANPP,Anpe 057-2026 Adquisicion De Material De Limpieza Para Diferentes Servicios Del H. S. F. A. Villa Tunari Municipio,True,2026-08-03,2026-08-17,Vigente,Silber Soto Mamani (Telf: 44136521 ),,Cochabamba,NB-SABS (D.S.0181)
26-1314-00-1679104-1-1,Gobierno Autonomo Municipal De Villa Tunari,Bienes,CM,Adquisicion De Insumos Odontológicos Para Centros Y Puestos De Salud Programa Sus Ley 1152 Gestión 2026,False,2026-08-03,2026-08-10,Vigente,Daniel Montaño Vallejos (Telf: 44136521 ),,Cochabamba,NB-SABS (D.S.0181)
26-1314-00-1679106-1-1,Gobierno Autonomo Municipal De Villa Tunari,Bienes,CM,Adquisición De Repuestos Para La Pala Cargadora John Deere 644k De La Jefatura De Transportes Del G.A.M. De Villa Tunari Cm N°56/2026,False,2026-08-03,2026-08-10,Vigente,Daniel Montaño Vallejos (Telf: 44136521 ),,Cochabamba,NB-SABS (D.S.0181)
26-1314-00-1679114-1-1,Gobierno Autonomo Municipal De Villa Tunari,Bienes,CND1,Adquisición De Insumos De Limpieza Para Centros Y Puestos De Salud Del Municipio De Villa Tunari ,False,2026-08-03,2026-08-10,Vigente,Daniel Montaño Vallejos (Telf: 44136521 ),,Cochabamba,Compro Hecho en Bolivia (D.S.4505)
26-1315-00-1679050-0-E,Gobierno Autonomo Municipal De Punata,Servicios Generales,CD,Servicio De Grupo Musical Histeria Por Aniversario De Punata,False,2026-08-03,,Contratado,Jose Antonio Requiz Fuentes (Telf: 4577021),,Cochabamba,NB-SABS (D.S.0181)
26-1317-00-1678929-0-E,Gobierno Autonomo Municipal De San Benito (Villa Jose Quintin Mendoza),Consultoria,CM,Supervisor De Obras En Saneamiento Basico,False,2026-08-03,,Contratado,Maria Rosario Mamani Villca (Telf: 4579146),,Cochabamba,NB-SABS (D.S.0181)
26-1317-00-1678937-0-E,Gobierno Autonomo Municipal De San Benito (Villa Jose Quintin Mendoza),Consultoria,CM,Responsable Dna Y Slim,False,2026-08-03,,Contratado,Maria Rosario Mamani Villca (Telf: 4579146),,Cochabamba,NB-SABS (D.S.0181)
26-1335-00-1674486-1-1,Gobierno Autonomo Municipal De Puerto Villarroel,Bienes,CM,Adquisición De Una Motocicleta Para Apoyar Y Fortalecer El Area Piscicola De La Direccion De Desarrollo Economico Productivo.,False,2026-08-03,2026-08-10,Vigente,Deysi Indalicio Urey (Telf: 44136281),,Cochabamba,NB-SABS (D.S.0181)
26-1335-00-1678674-1-1,Gobierno Autonomo Municipal De Puerto Villarroel,Bienes,ANPE,"""Adquisición De Repuestos Para El Mantenimiento De Las Motoniveladoras Con N° De Chasis *Hbzn0200ekaf07658* Y *Hbzn0200ckaf07889* De La Unidad De Equipo Pesado”",True,2026-08-03,2026-08-11,Vigente,Ana Rossemery Moye Orosco (Telf: 44136281),,Cochabamba,NB-SABS (D.S.0181)
26-1335-00-1678931-1-1,Gobierno Autonomo Municipal De Puerto Villarroel,Bienes,CNC,Provisión De Materiales Para El Sistema Agua Potable Nueva Vida - Compra Nacional Hecho En Bolivia,True,2026-08-03,2026-08-10,Vigente,Ana Rossemery Moye Orosco (Telf: 44136281),,Cochabamba,Compro Hecho en Bolivia (D.S.4505)
26-1347-00-1679100-1-1,Gobierno Autonomo Municipal De Shinahota,Bienes,CND1,Adquisición De Polera Y Camisa Para El Concejo Municipal De Shinahota,False,2026-08-03,2026-08-10,Vigente,Mery Solis Armas (Telf: 44136409-67402279),,Cochabamba,Compro Hecho en Bolivia (D.S.4505)
26-1409-00-1678838-1-1,Gobierno Autonomo Municipal De Pazna,Bienes,CNC,Adquisicion De Complemento Nutricional (Nutri Mama) Para Centros Y Puestos De Salud Del Municipio De Pazña Servicio De Salud Universal Y Gratuito -Sus ,True,2026-08-03,2026-08-12,Vigente,Sergio Adrian Acho (Telf: 73833527),,Oruro,Compro Hecho en Bolivia (D.S.4505)
26-1412-00-1673705-2-1,Gobierno Autonomo Municipal De Santiago De Huari,Obras,ANPE,"Mantenimiento Infraestructuras Urbana- Distrito De Huari ""Impl. Casamatas Cancha Municipal Santiago De Huari""",True,2026-08-03,2026-08-11,Vigente,Monica Lopez Choque (Telf: 73817728),,Oruro,NB-SABS (D.S.0181)
26-1417-00-1679103-1-1,Gobierno Autonomo Municipal De Turco,Bienes,CNC,Adquisicion De Deportivos Para Los Estudiantes Del Municipio De Turco,True,2026-08-03,2026-08-11,Vigente,Israel Mauricio Castillo Averanga (Telf: 70114035),,Oruro,Compro Hecho en Bolivia (D.S.4505)
26-1418-00-1673610-2-1,Gobierno Autonomo Municipal De Huachacalla,Bienes,ANPE,Adquisicion De Semi Parkas Y Mochilas Para El Fortalecimiento Y Permanencia Escolar De Estudiantes De Las Unidades Educativas Del Municipio De Huachacalla (Incentivo Educativo A La Permanencia Escolar),True,2026-08-03,2026-08-11,Vigente,Nelson Javier Santa Cruz (Telf: 72482261),,Oruro,NB-SABS (D.S.0181)
26-1502-00-1678935-1-1,Gobierno Autonomo Municipal De Tinguipaya,Servicios Generales,CM,Contraparte Convenio Vmb Programa De Desarrollo De Area (Pda) Sausisa-Infraestructura Educativa (Servicio De Mano De Obra Const. Salón Multifuncional U.E. Anthura),False,2026-08-03,2026-08-10,Vigente,Evil Gildo Martinez Colque (Telf: 2-6136235),,Potosi,NB-SABS (D.S.0181)
26-1507-00-1677997-1-1,Gobierno Autonomo Municipal De Llallagua,Bienes,ANPE,"""Alumbrado Publico Municipio Llallagua"" (Adquisición Material Eléctrico Alumbrado Público Municipio De Llallagua 2026)",True,2026-08-03,2026-08-12,Vigente,Mariane Caballero Layme (Telf: 5822817),,Potosi,NB-SABS (D.S.0181)
26-1519-00-1678822-1-1,Gobierno Autonomo Municipal De Tupiza,Bienes,CM,"Adquisición De Insumos Médicos Gestión 2026 ""Unidad Ejecutora 24 - Centro De Salud Apostol Santiago"" (Municipio Tupiza Da-4)",False,2026-08-03,2026-08-10,Vigente,Maximo Roman Ramos (Telf: 26943926 / 26942304),,Potosi,NB-SABS (D.S.0181)
26-1519-00-1678955-1-1,Gobierno Autonomo Municipal De Tupiza,Bienes,ANPP,"Adquisición De Productos Alimenticios Horneados Dulces Y Salados - 2do Semestre, Para La Alimentación Complementaria Escolar Área Urbana - Gestión 2026, Distrito Educativo Municipio De Tupiza",True,2026-08-03,2026-08-18,Vigente,Maximo Roman Ramos (Telf: 26943926 / 26942304),,Potosi,NB-SABS (D.S.0181)
26-1519-00-1679028-1-1,Gobierno Autonomo Municipal De Tupiza,Bienes,CM,Mantenimiento Vías Urbanas Ciudad De Tupiza (Adquisición De Cemento Asfáltico Para Realizar Bacheos En Diferentes Arterias Del Área Urbana Del Municipio De Tupiza),False,2026-08-03,2026-08-10,Vigente,Maximo Roman Ramos (Telf: 26943926 / 26942304),,Potosi,NB-SABS (D.S.0181)
26-1521-00-1679118-1-1,"Gobierno Autonomo Municipal De Colcha""K"" (Villa Martin)",Bienes,CNC,"Adquisición De Complemento Nutricional ""Nutrimama"" Para La Red De Servicio De Salud Del Municipio De Colcha ""K"" (Servicios De Salud Universal Y Gratuita - Sus) Segunda Compra",True,2026-08-03,2026-08-10,Vigente,Ramiro Oracio Huanca Veliz (Telf: +591-69654122),,Potosi,Compro Hecho en Bolivia (D.S.4505)
26-1537-00-1677628-1-1,Gobierno Autonomo Municipal De Villazon,Consultoria,ANPP,Contratacion De Consultoria Por Producto Revaluo Y Avaluo De Activos Fijos (Fortalecimiento Institucional Municipal),False,2026-08-03,2026-08-18,Vigente,Sandy Miranda Bravo (Telf: 5972119),,Potosi,NB-SABS (D.S.0181)
26-1537-00-1679107-1-1,Gobierno Autonomo Municipal De Villazon,Bienes,CNC,Adquisición De Productos Químicos Y Farmacéuticos - Segundo Trimestre (Programa Desnutrición Cero Aiepi-Nut),True,2026-08-03,2026-08-11,Vigente,Sandy Miranda Bravo (Telf: 5972119),,Potosi,Compro Hecho en Bolivia (D.S.4505)
26-1701-00-1678945-1-1,Gobierno Autonomo Municipal De Santa Cruz De La Sierra,Bienes,ANPP,"Adquisicion De Cepillos Y Pastas Dentales Para La Atencion De Pacientes De La Red De Salud Centro, Sms",True,2026-08-03,2026-08-18,Vigente,Sanddy Cruz Gutierrez (Telf: Ver Convocatoria y/o DBC. ),,Santa Cruz,NB-SABS (D.S.0181)
26-1701-00-1678965-1-1,Gobierno Autonomo Municipal De Santa Cruz De La Sierra,Bienes,ANPP,"Adquisicion De Repuestos Para Autoclaves Y Otros Equipos De Los Hospitales Municipales De Segundo Nivel, Sms",True,2026-08-03,2026-08-18,Vigente,Rosario Ingrid Vega Rojas (Telf: Ver Convocatoria y/o DBC. ),,Santa Cruz,NB-SABS (D.S.0181)
26-1701-00-1678973-1-1,Gobierno Autonomo Municipal De Santa Cruz De La Sierra,Bienes,ANPP,"Adquisicion De Reactivos Para El Area De Laboratorio De La Red De Salud Norte, Sms",True,2026-08-03,2026-08-19,Vigente,Carmen Carola Capobianco Antelo (Telf: Ver Convocatoria y/o DBC. ),,Santa Cruz,NB-SABS (D.S.0181)
26-1701-00-1678998-1-1,Gobierno Autonomo Municipal De Santa Cruz De La Sierra,Bienes,ANPP,"Adquisicion De Insumos De Enfermeria Para La Red De Salud Este, Sms",True,2026-08-03,2026-08-18,Vigente,Sanddy Cruz Gutierrez (Telf: Ver Convocatoria y/o DBC. ),,Santa Cruz,NB-SABS (D.S.0181)
26-1701-00-1679025-1-1,Gobierno Autonomo Municipal De Santa Cruz De La Sierra,Bienes,ANPE,"Adquisicion De Insumos E Instrumental Odontologico Para Pacientes Del Hospital Municipal Villa 1ro De Mayo, Sms",True,2026-08-03,2026-08-12,Vigente,Sanddy Cruz Gutierrez (Telf: Ver Convocatoria y/o DBC. ),,Santa Cruz,NB-SABS (D.S.0181)
26-1701-00-1679032-1-1,Gobierno Autonomo Municipal De Santa Cruz De La Sierra,Bienes,ANPE,"Adquisicion De Ablandador De Agua Y Osmosis Inversa Para El Servicio De Esterilizacion De Los Hospitales Municipales Pampa De La Isla, Plan 3000 Y Frances, Sms",True,2026-08-03,2026-08-12,Vigente,Rosario Ingrid Vega Rojas (Telf: Ver Convocatoria y/o DBC. ),,Santa Cruz,NB-SABS (D.S.0181)
26-1701-00-1679033-1-1,Gobierno Autonomo Municipal De Santa Cruz De La Sierra,Bienes,ANPE,"Adquisicion De Insumos De Enfermeria: Telas Adhesivas Y Otros Para El Servicio De Hemodialisis Del Hospital Municipal Plan 3000, Sms",True,2026-08-03,2026-08-12,Vigente,Carmen Carola Capobianco Antelo (Telf: Ver Convocatoria y/o DBC. ),,Santa Cruz,NB-SABS (D.S.0181)
26-1701-14-1678894-1-1,Unidad Operativa Desconcentrada De Alumbrado Publico,Servicios Generales,ANPP,"Servicio De Instalacion De Sistema De Iluminacion Dinamica En El Monumento “Cumbre Las Americas” , Parque Urbano Central, Dm-11, Uodap",True,2026-08-03,2026-08-18,Vigente,Ariani Roca Saucedo (Telf: 3346-6464),,Santa Cruz,NB-SABS (D.S.0181)
26-1701-14-1678895-1-1,Unidad Operativa Desconcentrada De Alumbrado Publico,Bienes,LP,"Adquisicion De Farolas Led Para El Mantenimiento Del Sistema De Iluminacion En El Municipio De Santa Cruz De La Sierra, Uodap",True,2026-08-03,2026-08-27,Vigente,Ariani Roca Saucedo (Telf: 3346-6464),,Santa Cruz,NB-SABS (D.S.0181)
26-1701-14-1678904-1-1,Unidad Operativa Desconcentrada De Alumbrado Publico,Servicios Generales,ANPP,"Mejoramiento Del Sistema De Iluminacion Del Frontis Del Parque Urbano Central, Uodap",True,2026-08-03,2026-08-19,Vigente,Ariani Roca Saucedo (Telf: 3346-6464),,Santa Cruz,NB-SABS (D.S.0181)
26-1701-14-1678908-1-1,Unidad Operativa Desconcentrada De Alumbrado Publico,Servicios Generales,ANPP,"Mejoramiento Del Sistema De Iluminacion Del Parque El Arenal, Uodap",True,2026-08-03,2026-08-20,Vigente,Ariani Roca Saucedo (Telf: 3346-6464),,Santa Cruz,NB-SABS (D.S.0181)
26-1703-00-1679010-0-E,Gobierno Autonomo Municipal De Ayacucho (Porongo),Consultoria,CM,"Profesional ""B"" - Responsable De Actualizacion Cartografica I",False,2026-08-03,,Contratado,Carol Nicol Rodriguez Soliz (Telf: 3888227),,Santa Cruz,NB-SABS (D.S.0181)
26-1703-00-1679029-0-E,Gobierno Autonomo Municipal De Ayacucho (Porongo),Consultoria,CM,"Profesional ""B"" - Responsable De Actualizacion Cartografica Ii",False,2026-08-03,,Contratado,Carol Nicol Rodriguez Soliz (Telf: 3888227),,Santa Cruz,NB-SABS (D.S.0181)
26-1718-00-1679084-1-1,Gobierno Autonomo Municipal De Lagunillas,Bienes,CNC,Compra Trimestral De Medicamentos Para Sus Sistema Único De Salud 2026 Hospital  Municipal De Lagunillas ,True,2026-08-03,2026-08-05,Vigente,Yani Heidy Chupuy Linares (Telf: -),,Santa Cruz,Compro Hecho en Bolivia (D.S.4505)
26-1801-00-1678993-0-E,Gobierno Autonomo Municipal De Santisima Trinidad,Consultoria,CM,Consultor Individual De Linea Profesional Ii-Auditor Senior Para La Direccion De Auditoria Interna,False,2026-08-03,,Contratado,Karina Elena Arteaga Ribera (Telf: 4621322 - 4620447),,Beni,NB-SABS (D.S.0181)
26-1803-00-1678907-0-E,Gobierno Autonomo Municipal De Riberalta,Consultoria,CM,"Contratacion Consultor Individual De Linea Fiscalizador Tributario, Para La Jefatura De Recaudaciones, Gestion 2026",False,2026-08-03,,Contratado,Julio Cesar Chavez Marigua (Telf: 8522417),,Beni,NB-SABS (D.S.0181)
26-1803-00-1678911-0-E,Gobierno Autonomo Municipal De Riberalta,Consultoria,CM,"2da Contratación De Consultor Individual De Linea / Capacitador Nº5 De Violin Para La Escuela Municipal De Bellas Artes, Gestión 2026",False,2026-08-03,,Contratado,Julio Cesar Chavez Marigua (Telf: 8522417),,Beni,NB-SABS (D.S.0181)
26-1803-00-1678930-0-E,Gobierno Autonomo Municipal De Riberalta,Consultoria,CM,"2da Contratación De Consultor Individual De Linea / Capacitador Nº1 De Guitarra Para La Escuela Municipal De Bellas Artes, Gestión 2026",False,2026-08-03,,Contratado,Julio Cesar Chavez Marigua (Telf: 8522417),,Beni,NB-SABS (D.S.0181)
26-1803-00-1678966-0-E,Gobierno Autonomo Municipal De Riberalta,Consultoria,CM,"2da Contratación De Consultor Individual De Linea/ Coordinador De La Unidad De Cultura, Patrimonio Y Turismo, Gestión 2026",False,2026-08-03,,Contratado,Julio Cesar Chavez Marigua (Telf: 8522417),,Beni,NB-SABS (D.S.0181)
26-1803-00-1679011-0-E,Gobierno Autonomo Municipal De Riberalta,Consultoria,CM,"2da Contratación De Consultor Individual De Linea / Capacitador Nº4 De Pintura Para La Escuela Municipal De Bellas Artes, Gestión 2026",False,2026-08-03,,Contratado,Julio Cesar Chavez Marigua (Telf: 8522417),,Beni,NB-SABS (D.S.0181)
26-1901-00-1675424-1-2,Gobierno Autonomo Municipal De Cobija,Servicios Generales,ANPE,"“Contratacion Servicio De Alimentacion Complementaria Escolar Periodo Ii, Gestion 2026, Unidad Educativa Jose Manuel Pando”",False,2026-08-03,2026-08-11,Vigente,Julio Cesar Cruz Espinoza (Telf: 8422223),,Pando,NB-SABS (D.S.0181)
26-2303-00-1679027-1-1,Empresa Municipal De Areas Verdes Y Recreacion Alternativa - Emavra,Bienes,ANPE,Adquisicion De Separadores De Baños Y Vestidores Para El Proyecto “Const. Complejo Recreacional Coña Coña D.4-Gam Cochabamba”,True,2026-08-03,2026-08-12,Vigente,Gabriela Cruz Ramirez (Telf: 4448430),,Cochabamba,NB-SABS (D.S.0181)
26-2303-00-1679052-1-1,Empresa Municipal De Areas Verdes Y Recreacion Alternativa - Emavra,Bienes,CM,"Adquisicion De Llaves De Paso De 3"" Para Las Cisternas De La Unidad De Mantenimiento De Areas Verdes",False,2026-08-03,2026-08-10,Vigente,Tedy Sandro Corrales Suarez (Telf: 4448430),,Cochabamba,NB-SABS (D.S.0181)
26-2315-00-1631874-2-2,Empresa Municipal De Servicios De Aseo - Emsa,Bienes,ANPP,Dotacion De Botines Media Caña Varon/Mujer (2 Dotaciones),True,2026-08-03,2026-08-18,Vigente,Juan Carlos Rojas  Altuzarra (Telf: 4298241),,Cochabamba,NB-SABS (D.S.0181)
26-4601-02-1679071-1-1,Gobierno Autonomo Regional Del Gran Chaco - Carapari,Bienes,CND1,Adquisicion De Papel Para Fortalecimiento A La Felcv,False,2026-08-03,2026-08-10,Vigente,Rossy Lorena Rodriguez Ruiz (Telf: 74511947),,Tarija,Compro Hecho en Bolivia (D.S.4505)
